{"cameraMode":{"drawMode":0,"name":"Shaded","section":"Shading Mode"},"sceneLighting":true,"audioPlay":false,"sceneViewState":{"m_AlwaysRefresh":false,"showFog":true,"showSkybox":true,"showFlares":true,"showImageEffects":true,"showParticleSystems":true,"showVisualEffectGraphs":true,"m_FxEnabled":true},"in2DMode":false,"pivot":{"x":38.02142333984375,"y":-139.13406372070313,"z":62.101531982421878},"rotation":{"x":0.056665416806936267,"y":-0.9162214398384094,"z":0.13987939059734345,"w":0.3711645007133484},"size":380.3629455566406,"orthographic":false}